Feature ID	Taxon	Confidence
c91cdbde5a6b9a9399fd9b79fc8bb432	d__Eukaryota;p__Chordata;c__Actinopteri;o__Beloniformes;f__Belonidae;g__Tylosurus;s__Tylosurus crocodilus crocodilus	0.999999924840185
b558a1c21ec4a57aeb33616418aa1f45	d__Eukaryota;p__Chordata;c__Actinopteri;o__Euteleosteomorpha;f__Monodactylidae;g__Monodactylus;s__Monodactylus argenteus	0.9989907025728492
3af1253c6f1be019b97f0ba2c740b0b2	d__Eukaryota;p__Chordata;c__Actinopteri;o__Scombriformes;f__Gempylidae;g__Thyrsitoides;s__Thyrsitoides marleyi	0.9974751742064667
d02810de606dd39d77109f1fa5fbefad	d__Eukaryota;p__Chordata;c__Actinopteri;o__Blenniiformes;f__Blenniidae;g__Istiblennius;s__Istiblennius lineatus	0.9999998910964425
75b43daed3ea71ab78dba3d349e1a4a1	d__Eukaryota;p__Chordata;c__Actinopteri;o__Blenniiformes;f__Blenniidae;g__Istiblennius;s__Istiblennius edentulus	0.9964946621614328
2978823a11369a51770a778b086c7652	d__Eukaryota;p__Chordata;c__Actinopteri;o__Mugiliformes;f__Mugilidae;g__Planiliza;s__Planiliza macrolepis	0.8041151491820768
a00e92dca4405cb23017f2d6b95d32c1	d__Eukaryota;p__Chordata;c__Actinopteri	0.9999999999629254
76bdff28c752ed64f50b94ee5d8490e8	d__Eukaryota;p__Chordata;c__Actinopteri;o__Blenniiformes;f__Blenniidae;g__Istiblennius;s__Istiblennius edentulus	0.9970093904395413
f01b20414de2bdc7d1de5da7b46c454a	d__Eukaryota;p__Chordata;c__Actinopteri;o__Euteleosteomorpha;f__Siganidae;g__Siganus;s__Siganus spinus	0.7550513235445027
0a234ab3ddc369238e4a1e6995cfd8fb	d__Eukaryota;p__Chordata;c__Actinopteri;o__Spariformes;f__Lethrinidae;g__Lethrinus;s__Lethrinus atkinsoni	0.9561828450460238
72c41d25ac38ebc7ba6697a919e1e875	d__Eukaryota;p__Chordata;c__Actinopteri;o__Euteleosteomorpha;f__Pomacentridae;g__Stegastes;s__Stegastes nigricans	0.9929662503115753
d0b97bf4780fe729f6e691e2c0e44a90	d__Eukaryota;p__Chordata;c__Actinopteri;o__Syngnathiformes;f__Mullidae;g__Mulloidichthys;s__Mulloidichthys mimicus	0.9369397763842651
4c930921b06b691ebd3dbcac87eb3ef8	d__Eukaryota;p__Chordata;c__Actinopteri;o__NA;f__Pomacentridae;g__Cheiloprion;s__Cheiloprion labiatus	0.9991219891381274
42161f0c9d9ecf4973946ae0aa70ffaf	d__Eukaryota;p__Chordata;c__Actinopteri;o__Chaetodontiformes;f__Chaetodontidae;g__Chaetodon	0.999999336722059
ef9aa57a7e510ada7cde82e40287e3df	d__Eukaryota;p__Chordata;c__Actinopteri;o__NA;f__Pomacentridae;g__Chrysiptera;s__Chrysiptera unimaculata	0.9289851854689293
f78dcdd6205d0b1afa878546a3a0eb4b	d__Eukaryota;p__Chordata;c__Actinopteri;o__Kurtiformes;f__Apogonidae;g__Sphaeramia;s__Sphaeramia nematoptera	0.778132409986288
d6f7b8650edf42fe15db5926e1563bfb	d__Eukaryota;p__Chordata;c__Actinopteri;o__Spariformes;f__Lethrinidae;g__Lethrinus;s__Lethrinus harak	0.9891953258829261
aab608a26e15c981339391f02f699569	d__Eukaryota;p__Chordata;c__Actinopteri;o__NA;f__Emmelichthyidae;g__Erythrocles;s__Erythrocles schlegelii	0.9999976182458084
5782d3d49426e8d68754ddd52526e363	d__Eukaryota;p__Chordata;c__Actinopteri;o__Scombriformes;f__Scombridae;g__Rastrelliger;s__Rastrelliger faughni	0.9992121845953644
e14784f1f3b0021d6de15bde7bd4f90f	d__Eukaryota;p__Chordata;c__Actinopteri;o__Spariformes;f__Sparidae;g__Acanthopagrus;s__Acanthopagrus sivicolus	0.8360138207638663
0ce97ea4cfdbd76ac08efc1e1196f21f	d__Eukaryota;p__Chordata;c__Actinopteri;o__Mugiliformes;f__Mugilidae;g__Mugil;s__Mugil cephalus cephalus	0.987524785879561
133ad752a7d03bd2f33edff67be7e396	d__Eukaryota;p__Chordata;c__Actinopteri;o__Mugiliformes;f__Mugilidae;g__Ellochelon;s__Ellochelon vaigiensis	0.9999905658209309
04fadbcd21be4ec29ec8fae331dc4b22	d__Eukaryota;p__Chordata;c__Actinopteri;o__NA;f__Pomacentridae;g__Stegastes;s__Stegastes albifasciatus	0.816134508630647
5a28bbdf5d4055e2af2101601fa237d5	d__Eukaryota;p__Chordata;c__Actinopteri;o__NA;f__Toxotidae;g__Toxotes;s__Toxotes jaculatrix	0.9999212539984567
b65e86f38f71b90c607258eb9912a615	d__Eukaryota;p__Chordata;c__Actinopteri;o__Centrarchiformes;f__Kyphosidae;g__Girella;s__Girella mezina	0.8045595864649115
ac93b68c6db739125cccaa48668bdf53	d__Eukaryota;p__Chordata;c__Actinopteri;o__Kurtiformes;f__Apogonidae;g__Nectamia;s__Nectamia fusca	0.9999998286977677
f70c6c96c86fda69ce2746fa475d6d54	d__Eukaryota;p__Chordata;c__Actinopteri;o__Acanthuriformes;f__Acanthuridae;g__Acanthurus;s__Acanthurus triostegus	0.9128749241836536
cf922f71dd31685f9587ca971d14e0aa	d__Eukaryota;p__Chordata;c__Actinopteri;o__Lutjaniformes;f__Lutjanidae;g__Lutjanus;s__Lutjanus fulviflamma	0.9564883783022118
3ce9f101cba18f1462ada02ff27c1978	d__Eukaryota;p__Chordata;c__Actinopteri;o__Atheriniformes;f__Atherinidae;g__Atherinomorus;s__Atherinomorus sp. OCNSW33	0.9251122142475681
d0065783bc02d0ad8583932dcf8d0146	d__Eukaryota;p__Chordata;c__Actinopteri;o__Labriformes;f__Labridae;g__Halichoeres;s__Halichoeres trimaculatus	0.9999999828298771
50d962d1cdbd6cc7643a15338a485d5b	d__Eukaryota;p__Chordata;c__Actinopteri;o__Kurtiformes;f__Apogonidae;g__Ostorhinchus;s__Ostorhinchus novemfasciatus	0.7538364644452393
b5e35497d9a34680e2ef2598b39cf109	d__Eukaryota;p__Chordata;c__Actinopteri;o__Beloniformes;f__Belonidae;g__Tylosurus	0.9999790331400582
0c8f717e728c8ed3232ee9f3c4d45891	d__Eukaryota;p__Chordata;c__Actinopteri;o__Pempheriformes;f__Pentacerotidae;g__Pentaceros;s__Pentaceros japonicus	0.9810726411254836
03a6d519ec5ad502072a4f944baeb92a	d__Eukaryota;p__Chordata;c__Actinopteri;o__Blenniiformes;f__Blenniidae;g__Praealticus;s__Praealticus margaritarius	0.9999999999412809
a20238644035f500b70d31dbfa782fe3	d__Eukaryota;p__Chordata;c__Actinopteri;o__Acanthuriformes;f__Acanthuridae;g__Naso;s__Naso tergus	0.9963988202748514
ccba0295c3750a7eafdf573d2d95d64e	d__Eukaryota;p__Chordata;c__Actinopteri;o__Euteleosteomorpha;f__Scatophagidae;g__Scatophagus;s__Scatophagus argus	0.9847301186041838
1515445afd4ce2a22148f1dafeebc5c9	d__Eukaryota;p__Chordata;c__Actinopteri;o__Beloniformes;f__Belonidae;g__Strongylura;s__Strongylura incisa	0.9964756276614332
f3d09b56ffee0a03b4487952b578a4c1	d__Eukaryota;p__Chordata;c__Actinopteri;o__Euteleosteomorpha;f__Siganidae;g__Siganus;s__Siganus vermiculatus	0.981821923362504
5a54a3d16937c63a5c9bdc8312d62c1f	d__Eukaryota;p__Chordata;c__Actinopteri;o__NA;f__Pomacentridae;g__Stegastes;s__Stegastes albifasciatus	0.870046532678101
1a0c0fe6e4036774404fc807603b1cf0	d__Eukaryota;p__Chordata;c__Actinopteri;o__Gobiiformes;f__Gobiidae;g__Bathygobius;s__Bathygobius cocosensis	0.9999999095954065
e025fce74bd19502692cb7a64429837b	d__Eukaryota;p__Chordata;c__Actinopteri;o__Pempheriformes;f__Pempheridae;g__Pempheris;s__Pempheris xanthoptera	0.9919644511375106
170a7b1784fdbf16837a3ef9c58ff9aa	d__Eukaryota;p__Chordata;c__Chondrichthyes;o__NA;f__Pristiophoridae;g__Pristiophorus;s__Pristiophorus japonicus	0.9999820047745207
dcf71aeb859ef0b31ac6065e40f8043e	d__Eukaryota;p__Chordata;c__Actinopteri;o__Tetraodontiformes;f__Balistidae;g__Rhinecanthus;s__Rhinecanthus aculeatus	0.9585794378872914
fca33a9830722e7170c87108dcbb6d38	d__Eukaryota;p__Chordata;c__Actinopteri;o__Scombriformes;f__Centrolophidae;g__Seriolella;s__Seriolella punctata	0.9965421397164083
48c8bbb64a33ae9d82036fa5415e79d7	d__Eukaryota;p__Chordata;c__Actinopteri;o__Chaetodontiformes;f__Chaetodontidae;g__Chaetodon	0.9999981508481047
94dc4f4b4890b7a49c00c16bad4a0912	d__Eukaryota;p__Chordata;c__Actinopteri;o__Centrarchiformes;f__Kyphosidae;g__Kyphosus;s__Kyphosus ocyurus	0.9802456354431739
07bf281a515e291ea4bb5a75975a27ef	d__Eukaryota;p__Chordata;c__Actinopteri;o__Anguilliformes;f__Muraenidae;g__Gymnothorax;s__Gymnothorax richardsonii	0.9999954946990808
f4d729abd3d777ac2a49679f783ec03b	d__Eukaryota;p__Chordata;c__Actinopteri;o__Chaetodontiformes;f__Chaetodontidae;g__Chaetodon;s__Chaetodon rafflesii	0.9974461528796806
244cf486e7a82263fdfc5890576026ba	d__Eukaryota;p__Chordata;c__Actinopteri;o__Mugiliformes;f__Mugilidae;g__Oedalechilus;s__Oedalechilus labiosus	0.9989792054504806
f88052f0f7da2566762fd8bdaab4da13	d__Eukaryota;p__Chordata;c__Actinopteri;o__Blenniiformes;f__Blenniidae;g__Rhabdoblennius;s__Rhabdoblennius nitidus	0.9999975294647889
a2bbe8f9a53cf7aae62d37c661905409	d__Eukaryota;p__Chordata;c__Actinopteri;o__Lutjaniformes;f__Lutjanidae;g__Etelis	0.9995767264711117
b817d6f887a450c60505c70950ee8d3a	d__Eukaryota;p__Chordata;c__Actinopteri;o__Euteleosteomorpha;f__Monodactylidae;g__Monodactylus;s__Monodactylus argenteus	0.9978007943732213
573ddff45ba6d8fff0943de89de81bf6	d__Eukaryota;p__Chordata;c__Actinopteri;o__Scombriformes;f__Scombridae;g__Allothunnus;s__Allothunnus fallai	0.8640384174319069
c561a7dfd7eea1cd993c814e79d46633	d__Eukaryota;p__Chordata;c__Actinopteri;o__Anguilliformes;f__Muraenidae;g__Echidna;s__Echidna nebulosa	0.9998566000897315
25efd58031967545043ffce5e4d5f772	d__Eukaryota;p__Chordata;c__Actinopteri;o__NA;f__Pomacentridae;g__Pomacentrus;s__Pomacentrus taeniometopon	0.9785087126446244
ce4c004b1135dddfde269cbf57310d72	d__Eukaryota;p__Chordata;c__Actinopteri;o__Clupeiformes;f__Clupeidae;g__Herklotsichthys;s__Herklotsichthys quadrimaculatus	1.0
5e704746baef0d3e632a7def74b449b9	d__Eukaryota;p__Chordata;c__Actinopteri;o__Labriformes;f__Labridae;g__Thalassoma	0.9965680514831028
63244e8893a354762908c31764d0c046	d__Eukaryota;p__Chordata;c__Actinopteri;o__Scombriformes;f__Scombridae	0.9936843602334032
b1c5aebb8e160881d0a3dfd05289135e	d__Eukaryota;p__Chordata;c__Actinopteri;o__Kurtiformes;f__Apogonidae;g__Nectamia;s__Nectamia fusca	0.9999924318953254
33a5d79bd2bcf86313d9644405de86b4	d__Eukaryota;p__Chordata;c__Actinopteri;o__Labriformes;f__Labridae;g__Calotomus;s__Calotomus spinidens	0.9999991506473603
5cf41050b395c1020b18d908058849d2	d__Eukaryota;p__Chordata;c__Actinopteri;o__Lutjaniformes;f__Lutjanidae;g__Etelis	0.9993406393469497
d49ab63de029816df2808fe59f197789	d__Eukaryota;p__Chordata;c__Actinopteri;o__Holocentriformes;f__Holocentridae;g__Sargocentron;s__Sargocentron sp. RGIP_8866	0.7112974304581211
eb3e798a1e14ac9ae7f3406cafb1bf58	d__Eukaryota;p__Chordata;c__Actinopteri;o__Syngnathiformes;f__Callionymidae;g__Diplogrammus;s__Diplogrammus xenicus	0.9976051526646277
e012fdc183e86b5517efd3b9bceefdd8	d__Eukaryota;p__Chordata;c__Actinopteri;o__Euteleosteomorpha;f__Monodactylidae;g__Monodactylus;s__Monodactylus argenteus	0.9988610003057372
778403641ff08efb90706da6812dc51a	d__Eukaryota;p__Chordata;c__Actinopteri;o__Blenniiformes;f__Blenniidae;g__Salarias;s__Salarias fasciatus	0.9999450846029906
b4ef5d64da89aecb90cbf7d83db260fe	d__Eukaryota;p__Chordata;c__Actinopteri;o__Gobiiformes;f__Gobiidae;g__Ctenogobiops;s__Ctenogobiops pomastictus	0.9948513696576111
ee39f7d18579d893b35e653578764885	d__Eukaryota;p__Chordata;c__Actinopteri;o__Acanthuriformes;f__Acanthuridae;g__Naso;s__Naso minor	0.8326895352491425
ef2d23daf6d91f8270872d0686645946	d__Eukaryota;p__Chordata;c__Actinopteri;o__Syngnathiformes;f__Callionymidae;g__Neosynchiropus;s__Neosynchiropus ocellatus	0.9999999991009078
b1725e39bbcbaf7c2cb95f3e7fcc204a	d__Eukaryota;p__Chordata;c__Actinopteri;o__Chaetodontiformes;f__Chaetodontidae;g__Heniochus;s__Heniochus monoceros	0.9999894170355595
8013f611a49cc114ae2a01b79213b580	d__Eukaryota;p__Chordata;c__Actinopteri;o__NA;f__Pomacentridae;g__Abudefduf;s__Abudefduf sordidus	0.9941217441316293
370a4bb09b2c17f73a791dbd0d71210c	d__Eukaryota;p__Chordata;c__Actinopteri;o__Scombriformes;f__Scombridae;g__Rastrelliger;s__Rastrelliger faughni	0.996352830308188
aa479c401d6c5aee6e8e980aaa21e041	d__Eukaryota;p__Chordata;c__Actinopteri;o__Blenniiformes;f__Blenniidae;g__Cirripectes;s__Cirripectes imitator	0.9999522939630263
8e0eaf1a2316f81ea58f02536c9defd1	d__Eukaryota;p__Chordata;c__Actinopteri;o__Syngnathiformes;f__Mullidae;g__Parupeneus	0.9999989527605389
acfd8867474772cb3283c5ae1a188ab8	d__Eukaryota;p__Chordata;c__Actinopteri;o__Labriformes;f__Labridae;g__Halichoeres;s__Halichoeres trimaculatus	0.9999999862938581
6d5f794b290c7b046926379dee87247b	d__Eukaryota;p__Chordata;c__Actinopteri;o__Blenniiformes;f__Tripterygiidae;g__Enneapterygius;s__Enneapterygius philippinus	0.999999999882391
a8858ae2426e8aeb9b36aeaa085ec4ec	d__Eukaryota;p__Chordata;c__Actinopteri;o__Labriformes;f__Labridae;g__Stethojulis;s__Stethojulis strigiventer	0.9999976598167661
0c87651a24f3fd9fce2d23c32dbdfdd1	d__Eukaryota;p__Chordata;c__Actinopteri;o__Trachichthyiformes;f__Trachichthyidae;g__Gephyroberyx	0.9998150536873116
420485ffb69a7f533c32ca7e185b3822	d__Eukaryota;p__Chordata;c__Actinopteri;o__Chaetodontiformes;f__Chaetodontidae;g__Chaetodon;s__Chaetodon auripes	0.9978039916275444
f3f45579fc9fc5ea0e80ed04e3e0b967	d__Eukaryota;p__Chordata;c__Actinopteri;o__Lutjaniformes;f__Lutjanidae;g__Etelis;s__Etelis radiosus	0.900981597163578
199136d9784f355e55edaafb2016f8df	d__Eukaryota;p__Chordata;c__Actinopteri;o__Beloniformes;f__Hemiramphidae;g__Oxyporhamphus;s__Oxyporhamphus convexus	0.9068606207714827
cfa16c234395b3a9efe8827e433c477c	d__Eukaryota;p__Chordata;c__Actinopteri;o__NA;f__Pomacentridae;g__Chrysiptera;s__Chrysiptera rex	0.9999207175542654
d2f4a50c328eb00a4e757ecdb90c147f	d__Eukaryota;p__Chordata;c__Actinopteri;o__Acanthuriformes;f__Acanthuridae	0.9999998376299941
126325b0e09bcbd2fee17383b714784e	d__Eukaryota;p__Chordata;c__Actinopteri;o__Beloniformes;f__Belonidae	0.999999440445499
ca59f3f6e0ef004e63b4fcb2b483d499	d__Eukaryota;p__Chordata;c__Actinopteri;o__Lutjaniformes;f__Lutjanidae;g__Etelis	0.9977766641083463
825138546cb27ebdb090bbc1ebe6e60d	d__Eukaryota;p__Chordata;c__Actinopteri;o__Mugiliformes;f__Mugilidae;g__Ellochelon;s__Ellochelon vaigiensis	0.9999895893633999
9eb9dadd84287a4d9f47ee3c95c0cd1a	d__Eukaryota;p__Chordata;c__Actinopteri;o__Syngnathiformes;f__Fistulariidae;g__Fistularia;s__Fistularia commersonii	0.8904954946059133
7dada7547f01a86dbc0b7019235fcb70	d__Eukaryota;p__Chordata;c__Actinopteri;o__Centrarchiformes;f__Kyphosidae;g__Kyphosus;s__Kyphosus ocyurus	0.9909557918769295
9563941ce4db4b5a15c57819f4945451	d__Eukaryota;p__Chordata;c__Actinopteri;o__Salmoniformes;f__Salmonidae;g__Oncorhynchus	0.9822052879115091
c5628bb1f35a85f43c6751d4bc2e0f9a	d__Eukaryota;p__Chordata;c__Actinopteri;o__Lutjaniformes;f__Lutjanidae;g__Etelis;s__Etelis carbunculus	0.9914544135314354
04ad7fffc5a4d706d331dfc573125d2d	d__Eukaryota;p__Chordata;c__Actinopteri;o__Labriformes;f__Labridae;g__Scarus	0.7622837819990695
7098a485b14c321da31d08859739b871	d__Eukaryota;p__Chordata;c__Actinopteri;o__Blenniiformes;f__Blenniidae;g__Blenniella;s__Blenniella bilitonensis	0.9999999999197372
8f7ad69529f649f20da952fee97f957a	d__Eukaryota;p__Chordata;c__Actinopteri;o__Labriformes;f__Labridae;g__Halichoeres;s__Halichoeres marginatus	0.9998335754356087
b473571987f1e823b68b716be30450c0	d__Eukaryota;p__Chordata;c__Actinopteri;o__Holocentriformes;f__Holocentridae;g__Ostichthys;s__Ostichthys hypsipterygion	0.9969026084633119
f994b77788a6b3759a55c2ccbbf708df	d__Eukaryota;p__Chordata;c__Actinopteri;o__NA;f__Siganidae;g__Siganus;s__Siganus argenteus	0.9745320257330669
2e61bf07903d46e69fcdd88dc70a4ee1	d__Eukaryota;p__Chordata;c__Actinopteri;o__Carangiformes;f__Carangidae;g__Trachinotus;s__Trachinotus mookalee	0.8024356434063775
ab946dd79276be6088a231012b29d6a5	d__Eukaryota;p__Chordata;c__Actinopteri;o__Labriformes;f__Labridae;g__Thalassoma	0.99994985832763
8e1903f099e78f4b2236bb1911b457f5	d__Eukaryota;p__Chordata;c__Actinopteri;o__Labriformes;f__Labridae;g__Scarus;s__Scarus obishime	0.7255672676015276
812d24d126add4ac063d187ba3a720ae	d__Eukaryota;p__Chordata;c__Actinopteri;o__Labriformes;f__Labridae;g__Chlorurus	0.7843570475437631
33c058480155ae8619473a7d41ec7ef2	d__Eukaryota;p__Chordata;c__Actinopteri;o__Atheriniformes;f__Atherinidae	0.9999976387050018
f48a0c39eca26af6a4195548908c68fa	d__Eukaryota;p__Chordata;c__Actinopteri;o__Blenniiformes;f__Blenniidae;g__Blenniella;s__Blenniella periophthalmus	0.9999999726583444
5e100e8884771f6478b572afa16b2790	d__Eukaryota;p__Chordata;c__Actinopteri	0.9999999999926747
bc6c4ff3e9d0068306eec00ebfd7d21b	d__Eukaryota;p__Chordata;c__Actinopteri;o__Scombriformes;f__Centrolophidae;g__Seriolella;s__Seriolella punctata	0.9756507935489019
09435233f9311d1e6eb4649f1e0768e3	d__Eukaryota;p__Chordata;c__Chondrichthyes;o__Squaliformes;f__Squalidae;g__Squalus;s__Squalus japonicus	0.9394831994474798
02afebb71268594917fa69fbc6637889	d__Eukaryota;p__Chordata;c__Actinopteri	0.9966513316724677
055a9f59dae353900b94d10c93a80bbd	d__Eukaryota;p__Chordata;c__Actinopteri;o__NA;f__Pomacentridae;g__Plectroglyphidodon;s__Plectroglyphidodon lacrymatus	0.9842138485571051
23d16cd1ce9e1ae6d6dd8448fe9efc64	d__Eukaryota;p__Chordata;c__Actinopteri	0.9997461251302049
06c950ad28b6fc4cc21e95d3062278ea	d__Eukaryota;p__Chordata;c__Actinopteri;o__Blenniiformes;f__Tripterygiidae;g__Enneapterygius;s__Enneapterygius sp. KAUM:I:101347	0.9999999998299955
13419a43a897a7c5f35af78a16c5a96c	d__Eukaryota;p__Chordata;c__Actinopteri;o__Holocentriformes;f__Holocentridae;g__Sargocentron;s__Sargocentron punctatissimum	0.9421198496859489
ede781cd483ad3c12da20a3c4ac54e1f	d__Eukaryota;p__Chordata;c__Actinopteri;o__Labriformes;f__Labridae;g__Scarus;s__Scarus rivulatus	0.9693209458189118
5157656c8ce01fd0b28a28e143f96169	d__Eukaryota;p__Chordata;c__Actinopteri;o__Blenniiformes;f__Tripterygiidae;g__Enneapterygius;s__Enneapterygius hemimelas	0.81824279142595
3a4e69106ab698a13740e8b74aca6544	d__Eukaryota;p__Chordata;c__Actinopteri;o__Centrarchiformes;f__Centrarchidae;g__Lepomis;s__Lepomis macrochirus	0.9991447272560687
49a94579d53891cd34acb65454410cfb	d__Eukaryota;p__Chordata;c__Actinopteri;o__Acanthuriformes;f__Acanthuridae;g__Acanthurus;s__Acanthurus nigrofuscus	0.8935043784983434
1eb52b28f8afedd0a9302f3ddd1f1ff1	d__Eukaryota;p__Chordata;c__Actinopteri;o__Blenniiformes;f__Blenniidae;g__Cirripectes;s__Cirripectes sp. OCNSW74	0.9996178759510964
bee53fe0124bd7ecbe6bdac1cd3050a6	d__Eukaryota;p__Chordata;c__Actinopteri;o__Beloniformes;f__Belonidae;g__Tylosurus;s__Tylosurus crocodilus crocodilus	0.9999999559821912
aef8f65ea9f00294d1d6a647d79cd701	d__Eukaryota;p__Chordata;c__Actinopteri;o__NA;f__Pomacentridae;g__Pomacentrus	0.8281286616843202
aadc97bab4ec7b4cbea3c1ad8ed36a2c	d__Eukaryota;p__Chordata;c__Actinopteri;o__Perciformes;f__Serranidae;g__Epinephelus;s__Epinephelus polyphekadion	0.9998971713074513
1a9726f95094092997c414a7feb68e0b	d__Eukaryota;p__Chordata;c__Actinopteri;o__NA;f__Pomacentridae;g__Chrysiptera;s__Chrysiptera unimaculata	0.9542111772470789
32b8b914af5d0ac802fc30958c6bed8b	d__Eukaryota;p__Chordata;c__Actinopteri;o__Myctophiformes;f__Myctophidae;g__Bolinichthys	0.9999999999763401
924d66a0675fe1a52edbbe59cc63e3b7	d__Eukaryota;p__Chordata;c__Actinopteri;o__Euteleosteomorpha;f__Pomacentridae;g__Stegastes;s__Stegastes nigricans	0.9172244756374918
0589018e30eacf5a65b55d0ffcde80eb	d__Eukaryota;p__Chordata;c__Actinopteri;o__NA;f__Pomacentridae;g__Abudefduf;s__Abudefduf vaigiensis	0.8739721965032601
d7dd611572ab135d31221a15e6406075	d__Eukaryota;p__Chordata;c__Actinopteri;o__Labriformes;f__Labridae;g__Chlorurus;s__Chlorurus frontalis	0.7919351455408047
0a6f1b6e4b6d483e4f4820dbd565eeaa	d__Eukaryota;p__Chordata;c__Actinopteri;o__Carangiformes;f__Carangidae;g__Caranx	0.9762620115723821
f17419d27df9b4c66f1bae886281e7f9	d__Eukaryota;p__Chordata;c__Actinopteri;o__Anguilliformes;f__Muraenidae;g__Gymnothorax;s__Gymnothorax pictus	0.9994666152228264
f18bfde21464e8aac1fbc2293b26a50a	d__Eukaryota;p__Chordata;c__Actinopteri;o__Chaetodontiformes;f__Chaetodontidae;g__Chaetodon;s__Chaetodon decussatus	0.8144361157961665
d51372a00b8504dd3fbb43bf13bd3f2e	d__Eukaryota;p__Chordata;c__Actinopteri;o__Tetraodontiformes;f__Balistidae;g__Balistapus;s__Balistapus undulatus	0.9999673297472456
f22132266ef460f44ac4ce37e8f0b91c	d__Eukaryota;p__Chordata;c__Actinopteri;o__NA;f__Pomacentridae;g__Neopomacentrus;s__Neopomacentrus taeniurus	0.9999994956341702
80226892362ef9034fd6c13193165acd	d__Eukaryota;p__Chordata;c__Actinopteri;o__Syngnathiformes;f__Syngnathidae;g__Corythoichthys;s__Corythoichthys haematopterus	0.9999999999587317
8c6fc94b897fe07be6e473f85bceaf2f	d__Eukaryota;p__Chordata;c__Actinopteri;o__Labriformes;f__Labridae;g__Thalassoma;s__Thalassoma quinquevittatum	0.7559308317537171
396a4bdb10091dd6863faa7ed73c3c6d	d__Eukaryota;p__Chordata;c__Actinopteri;o__Mugiliformes;f__Mugilidae;g__Mugil;s__Mugil cephalus cephalus	0.9957770006341886
1e8d5b447f5623272cc38098ce2cbdf8	d__Eukaryota;p__Chordata;c__Actinopteri;o__NA;f__Pomacentridae;g__Chrysiptera;s__Chrysiptera glauca	0.9959617360061958
b5c3a01ac356f1abbea17b9d95d3ae2c	d__Eukaryota;p__Chordata;c__Actinopteri;o__Gobiiformes;f__Gobiidae;g__Amblygobius;s__Amblygobius phalaena	0.9999991004226058
9951266ef267acc2a521264510c01721	d__Eukaryota;p__Chordata;c__Actinopteri;o__Centrarchiformes;f__Kyphosidae;g__Kyphosus;s__Kyphosus ocyurus	0.9872797849151316
f6eaeee407246064653a97635b86cbfb	d__Eukaryota;p__Chordata;c__Actinopteri;o__Syngnathiformes;f__Fistulariidae;g__Fistularia	0.999982354428788
457bc792ce058fcba3098cacaa32aea9	d__Eukaryota;p__Chordata;c__Actinopteri;o__Clupeiformes;f__Engraulidae;g__Engraulis;s__Engraulis ringens	0.999864694893333
b36fc5ed95c2c717a765f7d2eaf6c195	d__Eukaryota;p__Chordata;c__Actinopteri;o__Scombriformes;f__Scombridae	0.9940066579548694
4ea8328d59cc7dadfdb7f8af03d8aeab	d__Eukaryota;p__Chordata;c__Actinopteri;o__Perciformes;f__Scorpaenidae;g__Scorpaena;s__Scorpaena neglecta	0.9755401658983637
3eb9708f73ec3cd4849f7cb432633b84	d__Eukaryota;p__Chordata;c__Actinopteri;o__Clupeiformes;f__Clupeidae;g__Spratelloides;s__Spratelloides gracilis	0.9999999999971153
88b6f8dd7bfe5555deab84bec4123a27	d__Eukaryota;p__Chordata;c__Actinopteri;o__Gobiiformes;f__Gobiidae;g__Periophthalmus;s__Periophthalmus argentilineatus	0.9996636552704891
4fbd98d044bb46b9ed7862468ea17c56	d__Eukaryota;p__Chordata;c__Actinopteri;o__Beloniformes;f__Belonidae;g__Tylosurus;s__Tylosurus crocodilus crocodilus	0.9999999518167767
8f5d9b9db5996dcc75e22a2ee4dba37d	d__Eukaryota;p__Chordata;c__Actinopteri;o__NA;f__Emmelichthyidae;g__Erythrocles;s__Erythrocles schlegelii	0.9999937555123634
d906b056e489b23303534c9333b613e1	d__Eukaryota;p__Chordata;c__Actinopteri;o__Tetraodontiformes;f__Monacanthidae;g__Cantherhines;s__Cantherhines dumerilii	0.9914621645752771
ed44285c959097aaec86eac2f4a6a408	d__Eukaryota;p__Chordata;c__Actinopteri;o__Spariformes;f__Lethrinidae;g__Lethrinus;s__Lethrinus atkinsoni	0.9999990420140434
b5dde1fa942c73e024152fa2afcd8089	d__Eukaryota;p__Chordata;c__Actinopteri;o__NA;f__Pomacentridae;g__Stegastes;s__Stegastes altus	0.9963424128552836
d554a69efcb1db952f95f3ae03dc5cba	d__Eukaryota;p__Chordata;c__Actinopteri;o__Atheriniformes;f__Atherinidae;g__Atherinomorus;s__Atherinomorus pinguis	0.90647873397285
e90b2f06c07e5aca2baeeb91148d6506	d__Eukaryota;p__Chordata;c__Actinopteri;o__Gobiiformes;f__Gobiidae;g__Asterropteryx;s__Asterropteryx semipunctata	0.9986160725744199
be8bf6f03843ad6c08beb9a44a9a1908	d__Eukaryota;p__Chordata;c__Actinopteri;o__Anguilliformes;f__Muraenidae;g__Uropterygius;s__Uropterygius micropterus	0.9840210273990375
97f724567b47f446fe69639ee67df348	d__Eukaryota;p__Chordata;c__Actinopteri;o__Euteleosteomorpha;f__Monodactylidae;g__Monodactylus;s__Monodactylus argenteus	0.9982029080668318
5c61719b0b7210107fc1650c88c35385	d__Eukaryota;p__Chordata;c__Actinopteri;o__Blenniiformes;f__Tripterygiidae;g__Enneapterygius;s__Enneapterygius philippinus	0.9999999999284627
b781b225849f269071e5dcd47f822754	d__Eukaryota;p__Chordata;c__Actinopteri;o__Beloniformes;f__Belonidae;g__Tylosurus;s__Tylosurus crocodilus crocodilus	0.9999999235962379
3ca9e3bb3e16cb8c5031ced85562a171	d__Eukaryota;p__Chordata;c__Actinopteri;o__Uranoscopiformes;f__Pinguipedidae;g__Parapercis;s__Parapercis cylindrica	0.9999999998122888
aaae3c94364f08cade99563c99e1a5b7	d__Eukaryota;p__Chordata;c__Actinopteri;o__Gobiiformes;f__Gobiidae;g__Eviota;s__Eviota sp. E NH-2020	0.9999998198545249
19a7caaa432465acb37e0182dfdf9a94	d__Eukaryota;p__Chordata;c__Actinopteri;o__Labriformes;f__Labridae;g__Labroides;s__Labroides dimidiatus	0.9601483745229724
0b2060db903124130c2ff4fe01af7c2d	d__Eukaryota;p__Chordata;c__Actinopteri;o__Mugiliformes;f__Mugilidae;g__Oedalechilus;s__Oedalechilus labiosus	0.9992016383613298
7842f6e7d6315998ad720d63ab3e8c57	d__Eukaryota;p__Chordata;c__Actinopteri;o__Kurtiformes;f__Apogonidae;g__Ostorhinchus;s__Ostorhinchus sp. NSMT:P:62210	0.9962598897959423
b0bb0e08e3b3a5f3780d8ef6c037e6c4	d__Eukaryota;p__Chordata;c__Actinopteri;o__Lutjaniformes;f__Lutjanidae;g__Pristipomoides;s__Pristipomoides argyrogrammicus	0.9999539883262146
77e7d22819de983b7a09d9c95775f532	d__Eukaryota;p__Chordata;c__Actinopteri;o__Beloniformes;f__Belonidae;g__Tylosurus;s__Tylosurus crocodilus crocodilus	0.9999999060782914
d688c9fb8fff776ab7cd30491aa83084	d__Eukaryota;p__Chordata;c__Actinopteri;o__Scombriformes;f__Gempylidae;g__Thyrsitoides;s__Thyrsitoides marleyi	0.9916492283827247
6a0c1e0a9828db1ae9fd1e0d1f8a156b	d__Eukaryota;p__Chordata;c__Actinopteri;o__Lutjaniformes;f__Lutjanidae;g__Pterocaesio;s__Pterocaesio chrysozona	0.9966077006173428
e943535ecc80b697dc0b6494b91d0b9d	d__Eukaryota;p__Chordata;c__Actinopteri;o__Mugiliformes;f__Mugilidae;g__Planiliza	0.9929290765889002
8b94f83025b66e5c87ccd68ac1ca6b37	d__Eukaryota;p__Chordata;c__Actinopteri;o__Beloniformes;f__Belonidae;g__Strongylura;s__Strongylura incisa	0.9972771819425285
30bdc4a263f949427320dd14d063f0a1	d__Eukaryota;p__Chordata;c__Actinopteri;o__Blenniiformes;f__Blenniidae;g__Salarias;s__Salarias luctuosus	0.9999930843405842
96f54c596be5ae996a02ec26c1e082d4	d__Eukaryota;p__Chordata;c__Actinopteri;o__Blenniiformes;f__Blenniidae;g__Blenniella;s__Blenniella chrysospilos	0.9999999999998579
469d984c53432bc2992c31110a53b227	d__Eukaryota;p__Chordata;c__Actinopteri;o__Gobiiformes;f__Gobiidae;g__Ptereleotris	0.9999999999826455
10b31107912c866abe6dcc75a0395ef5	d__Eukaryota;p__Chordata;c__Actinopteri	1.000000000000005
9c512723007ac042a4e90f62d94efe08	d__Eukaryota;p__Chordata;c__Actinopteri;o__Tetraodontiformes;f__Balistidae;g__Melichthys;s__Melichthys niger	0.8024542723275223
2c0714cac7f04b8b1cfbe4d565fbc8ad	d__Eukaryota;p__Chordata;c__Actinopteri;o__Spariformes;f__Lethrinidae;g__Gymnocranius;s__Gymnocranius euanus	0.9768325374074824
4e925a6e64338086d777460dfad28c41	d__Eukaryota;p__Chordata;c__Actinopteri;o__Syngnathiformes;f__Callionymidae;g__Repomucenus;s__Repomucenus lunatus	0.9998825734046829
8e35590aded8ca105250f7d4f87f18bd	d__Eukaryota;p__Chordata;c__Actinopteri;o__Blenniiformes;f__Tripterygiidae;g__Enneapterygius	0.9989050224730999
08fa460cbc34f1039a11c560637f1ed5	d__Eukaryota;p__Chordata;c__Actinopteri;o__Kurtiformes;f__Apogonidae;g__Sphaeramia	0.9626310576316385
9cffd8904ca35aafc86fd4c08ed6745f	d__Eukaryota;p__Chordata;c__Actinopteri;o__Perciformes;f__Serranidae;g__Hyporthodus;s__Hyporthodus octofasciatus	0.9994166535834994
11c8f85a16eca576c90cb7ba5347a04c	d__Eukaryota;p__Chordata;c__Actinopteri;o__Tetraodontiformes;f__Tetraodontidae;g__Arothron;s__Arothron meleagris	0.9996699139434722
49a0cc8a27892d80d63413e00cc6e717	d__Eukaryota;p__Chordata;c__Actinopteri;o__Pempheriformes;f__Pentacerotidae;g__Pentaceros;s__Pentaceros japonicus	0.8936077597159442
79b37d817b16cae795569bb1750ef2cb	d__Eukaryota;p__Chordata;c__Actinopteri;o__Acanthuriformes;f__Acanthuridae;g__Acanthurus;s__Acanthurus nubilus	0.907762552148202
a7aeba56ad56479c545b063221d125fe	d__Eukaryota;p__Chordata;c__Actinopteri;o__Labriformes;f__Labridae;g__Thalassoma;s__Thalassoma quinquevittatum	0.9761085419025709
c90fdb1f4c5c93adc00be9698bd2d07f	d__Eukaryota;p__Chordata;c__Actinopteri;o__Lutjaniformes;f__Lutjanidae;g__Pterocaesio;s__Pterocaesio chrysozona	0.9900770649326279
df7381f17f6ab909fb61725aa38cb8a8	d__Eukaryota;p__Chordata;c__Actinopteri;o__Lophiiformes;f__Melanocetidae;g__Melanocetus	0.9999999999956825
df63948f5d3ee5d98f3adb644bdde57d	d__Eukaryota;p__Chordata;c__Actinopteri;o__Kurtiformes;f__Apogonidae;g__Ostorhinchus	0.846405356842437
3b1d9a3295bef540b2d2b4cc6b6bd4ae	d__Eukaryota;p__Chordata;c__Actinopteri;o__Acanthuriformes;f__Acanthuridae	0.9999921311837555
572da520b0c7ca8024807e97c4ec05f8	d__Eukaryota;p__Chordata;c__Actinopteri;o__Gobiiformes;f__Gobiidae;g__Trimmatom;s__Trimmatom eviotops	0.9935134171747905
d15624769d3e921931e27ac24cf31562	d__Eukaryota;p__Chordata;c__Actinopteri;o__Mugiliformes;f__Mugilidae;g__Moolgarda;s__Moolgarda pedaraki	0.9532197170551735
db465e28e691376f065468599dad0954	d__Eukaryota;p__Chordata;c__Actinopteri;o__Scombriformes;f__Scombropidae;g__Scombrops;s__Scombrops gilberti	0.7819319968001832
81d1b1bf20c6ca14608019e579729a5f	d__Eukaryota;p__Chordata;c__Actinopteri;o__Blenniiformes;f__Blenniidae;g__Istiblennius;s__Istiblennius edentulus	0.9904112186448061
c9d98f0b23cf04f0fad0cb4d40c01d84	d__Eukaryota;p__Chordata;c__Actinopteri;o__Gobiiformes;f__Gobiidae;g__Eviota;s__Eviota guttata	0.999974045430875
f75ce651aef0baea8c73dde312a69758	d__Eukaryota;p__Chordata;c__Actinopteri;o__Lutjaniformes;f__Lutjanidae;g__Pterocaesio;s__Pterocaesio chrysozona	0.8449086962449951
757ca790b5a05b4443264e1ff70d4627	d__Eukaryota;p__Chordata;c__Actinopteri;o__Beloniformes;f__Belonidae;g__Tylosurus;s__Tylosurus crocodilus crocodilus	0.9999999118450699
9d46ddfc50889f41613ac47e3f55ba48	d__Eukaryota;p__Chordata;c__Actinopteri;o__Lutjaniformes;f__Lutjanidae;g__Lutjanus	0.9995314116603161
7cf2befb92060e82e3d4b4f2744f4dbd	d__Eukaryota;p__Chordata;c__Actinopteri;o__Mugiliformes;f__Mugilidae;g__Planiliza	0.9749947148691425
8196564f6fa03b489c61def9b27d2651	d__Eukaryota;p__Chordata;c__Actinopteri;o__Syngnathiformes;f__Mullidae;g__Parupeneus;s__Parupeneus macronemus	0.9983753755781992
c44fbd1e26f68da8dea4a7c0a66dc381	d__Eukaryota;p__Chordata;c__Actinopteri;o__Euteleosteomorpha;f__Monodactylidae;g__Monodactylus;s__Monodactylus argenteus	0.9980457224164904
7a0224c8455b93066f03918812a7ccff	d__Eukaryota;p__Chordata;c__Actinopteri;o__Lutjaniformes;f__Lutjanidae;g__Lutjanus;s__Lutjanus gibbus	0.9734129772240588
1830d05e61eac01f5054da9191467f41	d__Eukaryota;p__Chordata;c__Actinopteri;o__Gobiiformes;f__Gobiidae;g__Bathygobius;s__Bathygobius fuscus	0.9999967507081845
dc0183bdfbc298b0c62114912b615eb6	d__Eukaryota;p__Chordata;c__Actinopteri;o__Carangiformes;f__Carangidae;g__Caranx;s__Caranx caninus	0.7516093741631275
49e7175329211d789038ee80ed3cbc63	d__Eukaryota;p__Chordata;c__Actinopteri;o__Perciformes;f__Scorpaenidae;g__Scorpaena;s__Scorpaena neglecta	0.9859062981466764
b329a97c387179fe929db0d5c51e9d6a	d__Eukaryota;p__Chordata;c__Actinopteri;o__Blenniiformes;f__Blenniidae;g__Istiblennius;s__Istiblennius lineatus	0.9999996802627266
0852422fbf94e95cc6a8c01165be8a68	d__Eukaryota;p__Chordata;c__Actinopteri;o__Mugiliformes;f__Mugilidae;g__Mugil;s__Mugil cephalus cephalus	0.9999620129989605
02b305dc3a723a1abec789eb54c03c6a	d__Eukaryota;p__Chordata;c__Actinopteri;o__Scombriformes;f__Scombridae;g__Allothunnus;s__Allothunnus fallai	0.864101942429257
9ebf5c7de7f566bf4c020a8123e420f6	d__Eukaryota;p__Chordata;c__Actinopteri;o__Kurtiformes;f__Apogonidae;g__Cheilodipterus;s__Cheilodipterus quinquelineatus	0.9997120826028794
075ae62d533090f2fd5ae9d1c83241d2	d__Eukaryota;p__Chordata;c__Actinopteri;o__Labriformes;f__Labridae;g__Thalassoma	0.9999956384902445
0e827e5c7c17a1a7ba40d015135cbf05	d__Eukaryota;p__Chordata;c__Actinopteri;o__Carangiformes;f__Echeneidae;g__Echeneis;s__Echeneis naucrates	0.848260533983107
007f1bba46f8178b1af382ccf979449a	d__Eukaryota;p__Chordata;c__Actinopteri;o__Carangiformes;f__Carangidae;g__Caranx	0.981407479330234
27ad79c2a45425a84d6586668fac29bd	d__Eukaryota;p__Chordata;c__Actinopteri;o__Lampriformes;f__Regalecidae;g__Regalecus;s__Regalecus russelii	0.9983247225906323
4ff98c43fd1df0e45a0e0a5c0a12b4a4	d__Eukaryota;p__Chordata;c__Actinopteri	0.9999999998533856
8405679884c4780eec257ec55f7ae1a2	d__Eukaryota;p__Chordata;c__Actinopteri;o__NA;f__Siganidae;g__Siganus;s__Siganus argenteus	0.9772575606491118
823b67d15d4828e1b717815c3a5d2ca4	d__Eukaryota;p__Chordata;c__Actinopteri;o__Gobiiformes;f__Gobiidae;g__Trimma;s__Trimma caesiura	0.9999944405835983
4091501dbcb708f0278c39a7ef693410	d__Eukaryota;p__Chordata;c__Actinopteri;o__Trachichthyiformes;f__Monocentridae;g__Monocentris;s__Monocentris japonicus	0.965942388238878
43ca47b0a41266f272c1fa893fb250b6	d__Eukaryota;p__Chordata;c__Actinopteri	0.99030410389451
e002032ac09f5d9e3a52bdde47eb136c	d__Eukaryota;p__Chordata;c__Actinopteri;o__Scombriformes;f__Scombridae;g__Gymnosarda;s__Gymnosarda unicolor	0.9524946835339108
9edca8481c2261f2f6e7eb6837d05b8e	d__Eukaryota;p__Chordata;c__Actinopteri;o__Blenniiformes;f__Blenniidae;g__Istiblennius;s__Istiblennius lineatus	0.9999999042219987
5d566b0741178e0349021b417b8546f6	d__Eukaryota;p__Chordata;c__Actinopteri;o__Lutjaniformes;f__Lutjanidae;g__Pterocaesio;s__Pterocaesio chrysozona	0.7838755013700209
6eb310428b159115a2a60784f29a3e05	d__Eukaryota;p__Chordata;c__Actinopteri;o__Centrarchiformes	0.9999927925189177
0d5c4aef14087cd757be60586b52981a	d__Eukaryota;p__Chordata;c__Actinopteri;o__Blenniiformes;f__Blenniidae;g__Istiblennius;s__Istiblennius lineatus	0.9999945280855157
1077af204f06a0d310261e6e06db26b6	d__Eukaryota;p__Chordata;c__Actinopteri;o__Spariformes;f__Lethrinidae;g__Lethrinus;s__Lethrinus atkinsoni	0.9804143944780147
142c03b82d8809ea0f682b571d078b2a	d__Eukaryota;p__Chordata;c__Actinopteri;o__Acanthuriformes;f__Acanthuridae	0.9999998663252491
9ad4e28f6b207c111d4a8cee0b5dc22e	d__Eukaryota;p__Chordata;c__Actinopteri;o__Labriformes;f__Labridae;g__Leptoscarus;s__Leptoscarus vaigiensis	0.9999999214291395
8a129fe6c9f776f791ad4ef62df38156	d__Eukaryota;p__Chordata;c__Actinopteri;o__Spariformes;f__Lethrinidae;g__Lethrinus;s__Lethrinus atkinsoni	0.9780544819956208
1bc5a4dd9484de847e814b36103a2b6f	d__Eukaryota;p__Chordata;c__Actinopteri;o__Beloniformes;f__Belonidae;g__Tylosurus;s__Tylosurus crocodilus crocodilus	0.999999958325561
e25da96332f0444b397b669e1ae0a8cb	d__Eukaryota;p__Chordata;c__Actinopteri;o__Labriformes;f__Labridae;g__Stethojulis;s__Stethojulis strigiventer	0.9999976975271854
27021efc017d7618298f3151c9bbbf0c	d__Eukaryota;p__Chordata;c__Actinopteri;o__Blenniiformes;f__Blenniidae;g__Salarias;s__Salarias sinuosus	0.9999999999967173
5fd042ef969a851d8fbf5127dced03e6	d__Eukaryota;p__Chordata;c__Actinopteri;o__Labriformes;f__Labridae;g__Stethojulis;s__Stethojulis bandanensis	0.9991320108390265
e9a8c9c9974f91a9fe5b26b2f93fef4f	d__Eukaryota;p__Chordata;c__Actinopteri;o__Cyprinodontiformes;f__Poeciliidae;g__Xiphophorus;s__Xiphophorus variatus	0.7644908069175048
245ef86860d97ab06cbe32c19d18029b	d__Eukaryota;p__Chordata;c__Actinopteri;o__Gobiiformes;f__Gobiidae	0.999999999999995
5edfa0d3c088cea1c99b8e5683b40836	d__Eukaryota;p__Chordata;c__Actinopteri;o__Carangiformes;f__Carangidae;g__Caranx;s__Caranx caninus	0.9593167727527724
094acfa754208376220cded0faabfa1c	d__Eukaryota;p__Chordata;c__Actinopteri;o__Syngnathiformes;f__Mullidae;g__Mulloidichthys;s__Mulloidichthys mimicus	0.9995175589036295
ea751c9eba8e5d9f2dc968d3cca8b575	d__Eukaryota;p__Chordata;c__Actinopteri;o__Blenniiformes;f__Blenniidae;g__Cirripectes;s__Cirripectes imitator	0.9999685955210965
61729ede539bbadaaec57f49636a0c3a	d__Eukaryota;p__Chordata;c__Actinopteri;o__Lutjaniformes;f__Lutjanidae;g__Pristipomoides;s__Pristipomoides sieboldii	0.9998401698133506
a7aed8457ee6ddef9d9f57a511fbceca	d__Eukaryota;p__Chordata;c__Actinopteri;o__Scombriformes;f__Tetragonuridae;g__Tetragonurus;s__Tetragonurus pacificus	0.9999999617132297
9eac7bc4a969e36b80402d9afc3217c0	d__Eukaryota;p__Chordata;c__Actinopteri;o__Priacanthiformes;f__Cepolidae (in: ray-finned fishes);g__Acanthocepola;s__Acanthocepola krusensternii	0.99976142561558
101009ed387f3d64968d56e3be8ed970	d__Eukaryota;p__Chordata;c__Actinopteri;o__Gobiiformes;f__Gobiidae;g__Trimma;s__Trimma sheppardi	0.9999999710285867
2af30e2e41574012a98f02529fedbbb7	d__Eukaryota;p__Chordata;c__Actinopteri;o__Cyprinodontiformes;f__Poeciliidae;g__Xiphophorus	0.9969105362554018
aaac8982150a1c6888f36150fe38c7a2	d__Eukaryota;p__Chordata;c__Actinopteri;o__Spariformes;f__Lethrinidae;g__Lethrinus;s__Lethrinus olivaceus	0.9999989418691712
fe5335872f4ac2d9317e443c8d2e8993	d__Eukaryota;p__Chordata;c__Actinopteri;o__Carangiformes;f__Carangidae;g__Gnathanodon;s__Gnathanodon speciosus	0.9403363053216431
f68e11eba7c54aa685179649c4ed4b02	d__Eukaryota;p__Chordata;c__Chondrichthyes;o__Carcharhiniformes;f__Scyliorhinidae;g__Apristurus;s__Apristurus macrorhynchus	0.947734150885319
a02fe0fa565f03cbc85e89e5f7a12d90	d__Eukaryota;p__Chordata;c__Actinopteri;o__Scombriformes;f__Scombridae;g__Rastrelliger;s__Rastrelliger faughni	0.9996039656786361
e2ff1c14eb86ce38a1794288d46676a4	d__Eukaryota;p__Chordata;c__Actinopteri;o__Pleuronectiformes;f__Bothidae;g__Bothus;s__Bothus cf. pantherinus OCF-P20140506-2	0.9989658467878683
705d0c7cd4a1adda4bf0d267fb433049	d__Eukaryota;p__Chordata;c__Actinopteri;o__Scombriformes;f__Scombridae;g__Rastrelliger;s__Rastrelliger faughni	0.9991916436694764
c7f26675c8f8d0757c75bec471dd3389	d__Eukaryota;p__Chordata;c__Actinopteri;o__Blenniiformes;f__Blenniidae;g__Istiblennius;s__Istiblennius lineatus	0.9999998887994144
3e3896379e925fd9248d164dbf06e061	d__Eukaryota;p__Chordata;c__Actinopteri;o__Lophiiformes;f__Centrophrynidae;g__Centrophryne;s__Centrophryne spinulosa	0.9999999543836975
05e50aa23eb6ec0b4fa8b5ff64188552	d__Eukaryota;p__Chordata;c__Actinopteri;o__Polymixiiformes;f__Polymixiidae;g__Polymixia;s__Polymixia longispina	0.9999993516012153
52afc47575e7200196166f50aa692739	d__Eukaryota;p__Chordata;c__Actinopteri;o__Blenniiformes;f__Blenniidae;g__Istiblennius;s__Istiblennius edentulus	0.9959031352957357
2c94c4aba42c0fb842f05332eab32894	d__Eukaryota;p__Chordata;c__Actinopteri;o__Syngnathiformes;f__Dactylopteridae;g__Dactyloptena;s__Dactyloptena peterseni	0.9999726050302628
aefd5b045ad35bc2493b1e6aee50ba5e	d__Eukaryota;p__Chordata;c__Actinopteri;o__Tetraodontiformes;f__Diodontidae;g__Diodon;s__Diodon eydouxii	0.970707630440502
dde6d84a749f779b018d92f9ac0fde29	d__Eukaryota;p__Chordata;c__Actinopteri;o__Gobiiformes;f__Gobiidae;g__Trimma;s__Trimma annosum	0.9999714611238215
8066e75bed3fd9020df979b6e24188a2	d__Eukaryota;p__Chordata;c__Actinopteri;o__Carangiformes;f__Echeneidae	0.9999842222043858
8008324f4791eb6278ccea6bbc6e6648	d__Eukaryota;p__Chordata;c__Actinopteri;o__Spariformes;f__Sparidae;g__Dentex;s__Dentex abei	0.7112119705456643
90589dd13f53c73f6c4cd322329ad6e9	d__Eukaryota;p__Chordata;c__Actinopteri;o__Euteleosteomorpha;f__Pomacentridae;g__Abudefduf;s__Abudefduf septemfasciatus	0.9195701205039005
88c074ec6df0e9805645394af59eec0b	d__Eukaryota;p__Chordata;c__Actinopteri;o__Perciformes;f__Scorpaenidae;g__Pterois	0.9221121164596776
90b4f8e7df2836e97183ab6824ba09a9	d__Eukaryota;p__Chordata;c__Actinopteri;o__Scombriformes;f__Scombridae;g__Rastrelliger;s__Rastrelliger faughni	0.9835718477575333
4690ef2afff645fe22fdf6eecfd55fbf	d__Eukaryota;p__Chordata;c__Actinopteri;o__Carangiformes;f__Carangidae;g__Trachinotus;s__Trachinotus mookalee	0.840534076744204
0f013071f0c8c2c2b7faa916e6fddfc5	d__Eukaryota;p__Chordata;c__Actinopteri;o__Carangiformes;f__Carangidae;g__Decapterus	0.9969608288477926
1dff96fad7d5d706cf27401902ba0e17	d__Eukaryota;p__Chordata;c__Actinopteri;o__Spariformes;f__Lethrinidae;g__Lethrinus;s__Lethrinus atkinsoni	0.9531446279355172
94ae37920a9ce54cd173bc0ce2e0d97b	d__Eukaryota;p__Chordata;c__Actinopteri;o__Perciformes;f__Platycephalidae;g__Cociella;s__Cociella crocodila	0.9997809103213298
1eecc1462e3c43f350ff5dcf07dcc752	d__Eukaryota;p__Chordata;c__Actinopteri;o__NA;f__Sciaenidae;g__Boesemania;s__Boesemania microlepis	0.9999999953555517
755d02babb0bb8851bd46d9aaacdc365	d__Eukaryota;p__Chordata;c__Actinopteri;o__Gobiiformes;f__Gobiidae;g__Valenciennea	0.999995388240585
514bbe6c03047c8c4b5e0323bbee0623	d__Eukaryota;p__Chordata;c__Actinopteri;o__Anguilliformes;f__Synaphobranchidae;g__Meadia;s__Meadia abyssalis	0.9999999989774437
4c8f62b537fe2324ec3e3a0a9a783bec	d__Eukaryota;p__Chordata;c__Actinopteri;o__Carangiformes;f__Echeneidae;g__Echeneis;s__Echeneis naucrates	0.9043656045423004
3f4ec2deb67cb92cdf19bfa5102575bc	d__Eukaryota;p__Chordata;c__Actinopteri;o__Euteleosteomorpha;f__Pomacentridae;g__Stegastes;s__Stegastes nigricans	0.9912655339233079
6231ce110d45732a024d31bc509b0615	d__Eukaryota;p__Chordata;c__Actinopteri;o__Aulopiformes;f__Synodontidae;g__Saurida;s__Saurida gracilis	0.99999805058945
dd991d5b11dc075ea2bb44f0b0f29b75	d__Eukaryota;p__Chordata;c__Actinopteri;o__Anguilliformes;f__Muraenidae;g__Echidna;s__Echidna leucotaenia	0.9995971870004667
8269af801052e4ff8d3680ae0ea5edaf	d__Eukaryota;p__Chordata;c__Actinopteri;o__NA;f__Emmelichthyidae;g__Erythrocles;s__Erythrocles schlegelii	0.9999919365542478
0def7e084a7df638074cdd25be01b1b0	d__Eukaryota;p__Chordata;c__Actinopteri;o__Carangiformes;f__Carangidae;g__Seriola;s__Seriola lalandi dorsalis	0.8678777656160861
bf7ebcd3bcbc6a0bc324fc4d91033de0	d__Eukaryota;p__Chordata;c__Actinopteri;o__Mugiliformes;f__Mugilidae;g__Mugil;s__Mugil cephalus cephalus	0.9924731777197384
79f1195c1c3aa006de01e578c25b768f	d__Eukaryota;p__Chordata;c__Actinopteri;o__Centrarchiformes;f__Kyphosidae;g__Girella;s__Girella mezina	0.863124806843303
537d8434ba9b4a8be993acc1b2a43976	d__Eukaryota;p__Chordata;c__Actinopteri;o__Perciformes;f__Serranidae;g__Epinephelus;s__Epinephelus latifasciatus	0.999847626317668
0ecc62a91897908ce0581b089f4c03da	d__Eukaryota;p__Chordata;c__Actinopteri;o__NA;f__Emmelichthyidae;g__Erythrocles;s__Erythrocles schlegelii	0.9999877903195682
3d356bf2f3ce5415f377293bdcddb1d1	d__Eukaryota;p__Chordata;c__Actinopteri;o__NA;f__Pseudochromidae;g__Pseudochromis;s__Pseudochromis tapeinosoma	0.9804558405838633
c76c140342be98fa7d6e29b5e5746b20	d__Eukaryota;p__Chordata;c__Actinopteri;o__Lutjaniformes;f__Lutjanidae;g__Etelis;s__Etelis coruscans	0.721104682426404
622aaeb750c7df532c8f6c5c805b0fec	d__Eukaryota;p__Chordata;c__Chondrichthyes;o__Squaliformes;f__Squalidae;g__Squalus;s__Squalus sp. 'nagasaki-tsuno-zame'	0.900813797094894
882b7ea6e7025427af6fca731efb0e6b	d__Eukaryota;p__Chordata;c__Actinopteri	0.9999713249847394
47d137774f8447e18a8b9366564a7e57	d__Eukaryota;p__Chordata;c__Actinopteri;o__Spariformes;f__Lethrinidae;g__Lethrinus;s__Lethrinus harak	0.9705025959875021
e54f1ab638d6dcd333e43233554b9a8a	d__Eukaryota;p__Chordata;c__Actinopteri;o__Clupeiformes;f__Clupeidae;g__Amblygaster;s__Amblygaster sirm	0.9999999999999859
5be3809a7b6c6b4a18d2986d28926aa3	d__Eukaryota;p__Chordata;c__Actinopteri;o__Scombriformes;f__Scombridae;g__Rastrelliger;s__Rastrelliger faughni	0.9978953546767524
1c0c7ea13386f0861ef994cacdfdd7cb	d__Eukaryota;p__Chordata;c__Actinopteri;o__NA;f__Emmelichthyidae;g__Erythrocles;s__Erythrocles schlegelii	0.9999926172461037
a8fd62c2b7872f04126f90b5818bf0e0	d__Eukaryota;p__Chordata;c__Actinopteri;o__Kurtiformes;f__Apogonidae;g__Nectamia;s__Nectamia fusca	0.9999998517756946
eb0ff0df1ba91947fb8f9c082e1594c9	d__Eukaryota;p__Chordata;c__Actinopteri;o__Perciformes;f__Liparidae;g__Careproctus;s__Careproctus rastrinus	0.9743400797767059
c0e53aa37b91fef962f3ec4882444d50	d__Eukaryota;p__Chordata;c__Actinopteri;o__Blenniiformes;f__Blenniidae;g__Nannosalarias;s__Nannosalarias sp. n. JS-2025	0.9999970365522727
9403faad2f81bf64933a04dd7032199e	d__Eukaryota;p__Chordata;c__Actinopteri	0.9969567249352318
8030505c4872a3bbe6d3450daf717762	d__Eukaryota;p__Chordata;c__Actinopteri;o__Gobiiformes;f__Gobiidae;g__Trimma;s__Trimma marinae	0.9999999999999147
9f9799e9f027ed5ed07c7452d5bc55ec	d__Eukaryota;p__Chordata;c__Actinopteri;o__Lutjaniformes;f__Lutjanidae;g__Etelis;s__Etelis radiosus	0.8765890378392
78b32bff6576aa9fd11b5aa773435898	d__Eukaryota;p__Chordata;c__Actinopteri;o__Gobiiformes;f__Gobiidae;g__Gnatholepis;s__Gnatholepis sp. KAUM:I:103528	0.8626185108599214
edfdea1fb779a1b1770eccbdc6794eb8	d__Eukaryota;p__Chordata;c__Chondrichthyes;o__Pristiformes/Rhiniformes group;f__Rhynchobatidae;g__Rhynchobatus;s__Rhynchobatus australiae	0.9766491971042045
2659bedc7eeefc594e0f0ca506f77397	d__Eukaryota;p__Chordata;c__Actinopteri;o__Gobiiformes;f__Gobiidae;g__Gnatholepis;s__Gnatholepis sp.	0.9999398578833563
6118713be77a9decca47c1d8feaf53a1	d__Eukaryota;p__Chordata;c__Actinopteri;o__Mugiliformes;f__Mugilidae;g__Planiliza	0.973129361657826
bc6f6086a65b43dd4c5b219e0901b11b	d__Eukaryota;p__Chordata;c__Actinopteri;o__Pleuronectiformes;f__Bothidae;g__Bothus;s__Bothus cf. pantherinus OCF-P20140506-2	0.9980561215993359
dcfa33c563d8ae4e29e0ccfc2ea220cd	d__Eukaryota;p__Chordata;c__Chondrichthyes;o__Myliobatiformes;f__Dasyatidae;g__Urogymnus;s__Urogymnus asperrimus	0.9999999988063735
8a4090a34edc4137f9caf58a72826f53	d__Eukaryota;p__Chordata;c__Chondrichthyes;o__Squaliformes;f__Squalidae	0.7429100927825237
9399ea3a7ea21cc7125b29cbcad58e37	d__Eukaryota;p__Chordata;c__Actinopteri;o__Kurtiformes;f__Apogonidae;g__Sphaeramia;s__Sphaeramia nematoptera	0.8122298428600253
c2d1d13003a0ed221ceeca75e623a83e	d__Eukaryota;p__Chordata;c__Actinopteri	0.9999997120719685
d76913e197c63e7e557baeb824f8f213	d__Eukaryota;p__Chordata;c__Chondrichthyes;o__Squaliformes;f__Squalidae;g__Cirrhigaleus;s__Cirrhigaleus barbifer	0.999962718854539
075c82bbde90fe37e5fc450232a23fdd	d__Eukaryota;p__Chordata;c__Actinopteri;o__Gobiiformes;f__Gobiidae;g__Fusigobius;s__Fusigobius duospilus	0.9999999997535838
71696237f7c40eb57a1ba2bf55589c69	d__Eukaryota;p__Chordata;c__Actinopteri;o__NA;f__Emmelichthyidae;g__Erythrocles;s__Erythrocles schlegelii	0.9999958049350994
94abc97b9c44ea94a7b2f5428cfed1c1	d__Eukaryota;p__Chordata;c__Chondrichthyes;o__Squaliformes;f__Squalidae	0.8618613135579348
79b117efb59aa4788381a407c6278817	d__Eukaryota;p__Chordata;c__Actinopteri;o__Siluriformes;f__Plotosidae;g__Plotosus;s__Plotosus japonicus	0.9997417455455289
74b1a1d0a5e3de143be58d72b7a588e4	d__Eukaryota;p__Chordata;c__Actinopteri;o__Gadiformes;f__Merlucciidae;g__Merluccius	0.9842552831293496
edebdd11888cbacf8f714ec02709f6e7	d__Eukaryota;p__Chordata;c__Actinopteri;o__Gobiiformes;f__Gobiidae;g__Eviota;s__Eviota punctulata	0.9999901054703122
a92678a38bfc71158a139dffcefdf03f	d__Eukaryota;p__Chordata;c__Actinopteri;o__Blenniiformes;f__Blenniidae;g__Atrosalarias;s__Atrosalarias holomelas	0.9999999837202298
64e420f120dcab832d024890067f1d8f	d__Eukaryota;p__Chordata;c__Actinopteri;o__Cypriniformes;f__Cyprinidae;g__Carassius	0.9999939342597716
b443f5403db2fcfd8b04520d85033770	d__Eukaryota;p__Chordata;c__Actinopteri;o__Gadiformes;f__Macrouridae;g__Coelorinchus;s__Coelorinchus hexafasciatus	0.9085705363134875
e85dd1b361ebeb9fd3d31e0485103294	d__Eukaryota;p__Chordata;c__Actinopteri;o__NA;f__Sciaenidae;g__Boesemania;s__Boesemania microlepis	0.999999995525613
681f08010519f612166f556c9d859cd6	d__Eukaryota;p__Chordata;c__Chondrichthyes;o__Carcharhiniformes;f__Triakidae;g__Mustelus;s__Mustelus manazo	0.9999684216367278
75c7551fb67c440ded1cf223411fd9ff	d__Eukaryota;p__Chordata;c__Actinopteri;o__Labriformes;f__Labridae;g__Leptoscarus;s__Leptoscarus vaigiensis	0.9999998041049359
61f0fa3f85474218535fb4d4e55cd1fa	d__Eukaryota;p__Chordata;c__Actinopteri;o__Lutjaniformes;f__Lutjanidae;g__Paracaesio;s__Paracaesio sordida	0.9999999909179992
f82386c9676fdbce7ee5aaff4607c442	d__Eukaryota;p__Chordata;c__Actinopteri;o__Acanthuriformes;f__Acanthuridae	0.9999961339775688
b4298ecea0f4d07d3772080c88beda04	d__Eukaryota;p__Chordata;c__Actinopteri;o__Tetraodontiformes;f__Balistidae;g__Rhinecanthus;s__Rhinecanthus aculeatus	0.954873015855782
59daa8655b45b7b900f550127c69153c	d__Eukaryota;p__Chordata;c__Actinopteri;o__Gonorynchiformes;f__Chanidae;g__Chanos;s__Chanos chanos	0.999990975688581
c4f54ca3ad4e18d2b61d9ee0d1b68610	d__Eukaryota;p__Chordata;c__Actinopteri	0.9926064423600175
0d09a5775d7e8d39075ab95e372fbdec	d__Eukaryota;p__Chordata;c__Actinopteri;o__Spariformes;f__Nemipteridae;g__Scolopsis;s__Scolopsis lineata	0.9999557151416643
6ac824d04a71dbc0d457f2a3afcbb2ed	d__Eukaryota;p__Chordata;c__Actinopteri;o__Labriformes;f__Labridae;g__Hemigymnus;s__Hemigymnus fasciatus	0.9964154856115666
34f0c62982474c2fd2b7d09e8cc6ee80	d__Eukaryota;p__Chordata;c__Actinopteri;o__Lutjaniformes;f__Lutjanidae;g__Etelis;s__Etelis radiosus	0.9663972747622542
71ed4d4037b2a9d94d6cfbc76e4371ed	d__Eukaryota;p__Chordata;c__Actinopteri;o__Gerreiformes;f__Gerreidae;g__Gerres;s__Gerres equulus	0.9996922242684343
cbfd1d22c67af2f6f9d058daf312a3d7	d__Eukaryota;p__Chordata;c__Actinopteri;o__Clupeiformes;f__Engraulidae;g__Anchoa;s__Anchoa compressa	0.9970093505840286
850d71304233666a90cb774e5a12cffa	d__Eukaryota;p__Chordata;c__Actinopteri;o__Lutjaniformes;f__Lutjanidae;g__Symphorus;s__Symphorus nematophorus	0.9999999968632524
b189e417627d898b6e477d1df634f9d8	d__Eukaryota;p__Chordata;c__Actinopteri;o__Salmoniformes;f__Salmonidae;g__Oncorhynchus;s__Oncorhynchus keta	0.8414441774433777
eb13eaad49052ee1431cd853a170a4d0	d__Eukaryota;p__Chordata;c__Actinopteri;o__Labriformes;f__Labridae;g__Scarus	0.9058545698600153
2f86b0ec39a73f6819cc83c31791b82f	d__Eukaryota;p__Chordata;c__Actinopteri;o__Gobiiformes;f__Gobiidae;g__Eviota;s__Eviota punctulata	0.9999999999996874
d2fc69cdd0b5a1151a8c5b1dee811d9c	d__Eukaryota;p__Chordata;c__Actinopteri;o__Gadiformes;f__Merlucciidae;g__Macruronus;s__Macruronus novaezelandiae	0.9999999999995737
f822638ed7f6b140f5fdeb67f32e03b9	d__Eukaryota;p__Chordata;c__Actinopteri;o__Scombriformes;f__Scombridae;g__Scomber;s__Scomber japonicus	0.7478033228768651
6df167c53b91051a5dabd4b1bfe1148c	d__Eukaryota;p__Chordata;c__Actinopteri;o__Scombriformes;f__Scombridae	0.9973501066138255
cef216f037da23209b40de99e77ba8d0	d__Eukaryota;p__Chordata;c__Actinopteri;o__Ephippiformes;f__Ephippidae;g__Platax	0.9999812588446887
ae718e3092e5002c75829839aeb3e302	d__Eukaryota;p__Chordata;c__Actinopteri;o__Euteleosteomorpha;f__Siganidae;g__Siganus;s__Siganus vermiculatus	0.786011816627416
d555de0821f16a44fb2725523c6fb1bb	d__Eukaryota;p__Chordata;c__Actinopteri;o__Gobiiformes;f__Gobiidae;g__Rhinogobius	0.999999999892177
4c63755b24fcc032dd112f245ed3194b	d__Eukaryota;p__Chordata;c__Actinopteri;o__Carangiformes;f__Carangidae;g__Elagatis;s__Elagatis bipinnulata	0.9999998193057302
52807590714087418b722dfbdfb77d69	d__Eukaryota;p__Chordata;c__Actinopteri;o__Chaetodontiformes;f__Chaetodontidae;g__Heniochus;s__Heniochus monoceros	0.8600048506161719
ba07cad889da3891cf42b9fe108a7299	d__Eukaryota;p__Chordata;c__Actinopteri;o__Gobiiformes;f__Gobiidae;g__Priolepis;s__Priolepis sp. CBM:ZF:12222	0.9982682696379371
0976e465ae8118d124310346e8382256	d__Eukaryota;p__Chordata;c__Actinopteri;o__Gobiiformes;f__Gobiidae;g__Eviota;s__Eviota japonica	0.9999999991365769
305faf89c735b11517f7abbbdcdec290	d__Eukaryota;p__Chordata;c__Actinopteri	0.9668432177907595
70f23c1618884476923bd1fb8355af02	d__Eukaryota;p__Chordata;c__Chondrichthyes;o__Carcharhiniformes;f__Scyliorhinidae;g__Parmaturus;s__Parmaturus pilosus	0.993947344106789
f44338ce8ed52f45e68c68a75746dd35	d__Eukaryota;p__Chordata;c__Actinopteri	0.9693148336723343
b7398d521a5086655b54504b3d569311	d__Eukaryota;p__Chordata;c__Actinopteri;o__Cypriniformes;f__Cyprinidae;g__Carassius	0.999999977793138
1bcf167ff2186306c079d02839971fc2	d__Eukaryota;p__Chordata;c__Actinopteri;o__Labriformes;f__Labridae;g__Cheilio;s__Cheilio inermis	0.9999999205182949
c659e04734101664d5232574a1c13052	d__Eukaryota;p__Chordata;c__Actinopteri;o__Euteleosteomorpha;f__Pomacentridae;g__Amblyglyphidodon;s__Amblyglyphidodon orbicularis	0.9989281304336515
0f417c1d0ab50d3704c8d1b702ca9d63	d__Eukaryota;p__Chordata;c__Actinopteri;o__Centrarchiformes;f__Centrarchidae;g__Micropterus;s__Micropterus treculii	0.8992162686604009
7eb2c0b3e3cba23439df39063191e6dd	d__Eukaryota;p__Chordata;c__Chondrichthyes;o__Carcharhiniformes;f__Scyliorhinidae;g__Galeus;s__Galeus longirostris	0.999984513889629
b23fb5b542411a02afb7044246faf682	d__Eukaryota;p__Chordata;c__Actinopteri;o__Labriformes;f__Labridae;g__Choerodon;s__Choerodon schoenleinii	0.9999616813413216
4b6428c7f1025220b7ef79a1c39564fe	d__Eukaryota;p__Chordata;c__Actinopteri;o__Perciformes;f__Serranidae;g__Epinephelus;s__Epinephelus lanceolatus	0.9892499022326665
416dddee5acae6e786ed521f406a7ff1	d__Eukaryota;p__Chordata;c__Actinopteri;o__Cypriniformes;f__Cyprinidae;g__Carassius	0.9999997629799845
44f13cc7f54238ce29817d46b7313b3d	d__Eukaryota;p__Chordata;c__Actinopteri;o__Tetraodontiformes;f__Tetraodontidae;g__Arothron;s__Arothron meleagris	0.9864338909071088
c151620865981d127fc4c4745c83e7e1	d__Eukaryota;p__Chordata;c__Actinopteri;o__Spariformes;f__Lethrinidae;g__Gnathodentex;s__Gnathodentex aureolineatus	0.9999999990352251
189fbe41ecaaad6670c3ae70ca833130	d__Eukaryota;p__Chordata;c__Actinopteri;o__NA;f__Pomacentridae;g__Abudefduf;s__Abudefduf vaigiensis	0.8007072953058517
a64b8b44d88288252f85560a0034e8d7	d__Eukaryota;p__Chordata;c__Actinopteri;o__Cypriniformes;f__Xenocyprididae	0.7768543519487283
9fbf4508cc03a387229cdde6cf645286	d__Eukaryota;p__Chordata;c__Actinopteri;o__Beryciformes;f__Melamphaidae;g__Scopelogadus;s__Scopelogadus sp. CBM DNA No. 2015-108	0.9985334176594765
cdb8a7cb3cc17aa9d65119bbb07673b0	d__Eukaryota;p__Chordata;c__Actinopteri;o__Anguilliformes;f__Anguillidae;g__Anguilla	0.9999773726911221
39de2c7cdf71c1b032becc08491ca07d	d__Eukaryota;p__Chordata;c__Actinopteri;o__Perciformes	0.9999925133742114
abb507ec531a9a0b355bfa3167f80fe7	d__Eukaryota;p__Chordata;c__Actinopteri;o__Gobiiformes;f__Gobiidae;g__Tridentiger	0.9999968960426779
ec74ab10541519e100eda7047d050028	d__Eukaryota;p__Chordata;c__Actinopteri;o__Labriformes;f__Labridae;g__Cheilinus;s__Cheilinus undulatus	0.9999988300901089
d66e75fa7af5985b160a52a75ac0c513	d__Eukaryota;p__Chordata;c__Actinopteri;o__Gobiiformes;f__Gobiidae;g__Eviota;s__Eviota sp. KAUM:I:101384	0.9091919964409495
acdbd24bbeefd18419edd24cdb43dbbf	d__Eukaryota;p__Chordata;c__Actinopteri	0.9642282757997378
a108230461feab278b3afe7fc973a431	d__Eukaryota;p__Chordata;c__Actinopteri;o__Beloniformes;f__Belonidae;g__Tylosurus;s__Tylosurus crocodilus crocodilus	0.999999888247067
20c3947ac3c327659a8cb606e4073bef	d__Eukaryota;p__Chordata;c__Actinopteri;o__Argentiniformes;f__Bathylagidae;g__Leuroglossus;s__Leuroglossus schmidti	0.9999322696910141
17e3caa86cb6f61dec0ec4b612a942ed	d__Eukaryota;p__Chordata;c__Actinopteri;o__Stomiiformes;f__Stomiidae;g__Tactostoma;s__Tactostoma macropus	0.9999757877447107
f7e3adbeff07c41ffad9206ea68e8840	d__Eukaryota;p__Chordata;c__Actinopteri;o__Clupeiformes;f__Clupeidae;g__Clupea;s__Clupea pallasii	0.9999499012135943
